Workbook

Sheet Assets
A1: Asset_ID | B1: Description (TEP Subsystem / Component) | C1: CVE_ID | D1: CWE_ID | E1: CVSS_v31_Base | F1: V_base | G1: TEP_Variable | H1: C_phys (PDI) | I1: R0 | J1: Attacker_Cost_c_att | K1: Sum_Delta_Check | L1: CVSS_Source_Note
A2: A01 | B2: TEP Reactor Subsystem — Siemens SIMATIC S7-1500 PLC | C2: CVE-2020-15782 | D2: CWE-119 | E2: 9.8 | F2: =E2/10 -> 0.98 | G2: XMEAS(7) | H2: 0.91 | I2: =F2*H2 -> 0.8918 | J2: 18 | K2: =SUMIF(NIST_Controls!C:C,A2,NIST_Controls!E:E)<=1 -> TRUE | L2: NVD CVSS v3.1 base 9.8 is the score used. Siemens ProductCERT SSA-434534 is the vendor advisory cited by NVD for CVE-2020-15782; it is not the source of the 9.8 score. CISA ICSA-21-152-01 scores the same CVE at 8.1.
A3: A02 | B3: TEP Product Composition Analyzer — Rockwell Automation Studio 5000 Logix Designer | C3: CVE-2021-22681 | D3: CWE-522 | E3: 9.8 | F3: =E3/10 -> 0.98 | G3: XMEAS(12) | H3: 0.84 | I3: =F3*H3 -> 0.8232 | J3: 15 | K3: =SUMIF(NIST_Controls!C:C,A3,NIST_Controls!E:E)<=1 -> TRUE | L3: NVD base score; CISA KEV-listed cleartext credential exposure
A4: A03 | B4: TEP Separator Subsystem — Advantech WebAccess HMI/SCADA | C4: CVE-2020-10619 | D4: CWE-22 | E4: 9.1 | F4: =E4/10 -> 0.91 | G4: XMEAS(19) | H4: 0.76 | I4: =F4*H4 -> 0.6916 | J4: 12 | K4: =SUMIF(NIST_Controls!C:C,A4,NIST_Controls!E:E)<=1 -> TRUE | L4: NVD base score; path traversal in web server (CISA ICSA-20-105-03)
A5: A04 | B5: Web-facing HMI Management Portal (Log4Shell exploitation scenario) | C5: CVE-2021-44228 | D5: CWE-502 | E5: 10 | F5: =E5/10 -> 1 | G5: XMEAS(9) | H5: 0.88 | I5: =F5*H5 -> 0.88 | J5: 14 | K5: =SUMIF(NIST_Controls!C:C,A5,NIST_Controls!E:E)<=1 -> TRUE | L5: NVD base score; Log4Shell RCE in web-facing HMI servers, consistent with CISA Alert AA21-356A confirming active ICS targeting (CISA KEV)
A6: A05 | B6: TEP Reactor Safety-Interlocked SIS — Siemens SIMATIC Safety Integrated | C6: CVE-2022-38465 | D6: CWE-522 | E6: 9.3 | F6: =E6/10 -> 0.93 | G6: XMEAS(21) | H6: 0.95 | I6: =F6*H6 -> 0.8835 | J6: 20 | K6: =SUMIF(NIST_Controls!C:C,A6,NIST_Controls!E:E)<=1 -> TRUE | L6: Vendor CNA (SSA-568427) assigns 9.3 for safety-integrated ICS networks; NVD base score is 7.8
A7: A06 | B7: TEP Agitator Actuator — JTEKT TOYOPUC PLC Actuator Node | C7: CVE-2022-29951 | D7: CWE-306 | E7: 9.1 | F7: =E7/10 -> 0.91 | G7: XMEAS(22) | H7: 0.79 | I7: =F7*H7 -> 0.7189 | J7: 12 | K7: =SUMIF(NIST_Controls!C:C,A7,NIST_Controls!E:E)<=1 -> TRUE | L7: NVD base score; missing authentication on commissioning protocol (CISA ICSA-22-125-01)
A8: A07 | B8: TEP Feed Gateway — ICS Gateway / ThroughTek Kalay P2P SDK | C8: CVE-2021-32934 | D8: CWE-319 | E8: 9.1 | F8: =E8/10 -> 0.91 | G8: XMEAS(1) | H8: 0.68 | I8: =F8*H8 -> 0.6188 | J8: 10 | K8: =SUMIF(NIST_Controls!C:C,A8,NIST_Controls!E:E)<=1 -> TRUE | L8: NVD base score; cleartext transmission of sensitive information (CISA ICSA-21-166-01, verified June 15, 2021)
A9: A08 | B9: TEP Steam Controller — CODESYS V2 Runtime Controller | C9: CVE-2022-31806 | D9: CWE-287 | E9: 9.8 | F9: =E9/10 -> 0.98 | G9: XMEAS(13) | H9: 0.72 | I9: =F9*H9 -> 0.7056 | J9: 12 | K9: =SUMIF(NIST_Controls!C:C,A9,NIST_Controls!E:E)<=1 -> TRUE | L9: NVD base score; authentication bypass via crafted password reset (CERT@VDE VDE-2022-031)
A10: A09 | B10: TEP Process Historian — Schneider Electric EcoStruxure Historian | C10: CVE-2020-12004 | D10: CWE-200 | E10: 7.8 | F10: =E10/10 -> 0.78 | G10: XMEAS(10) | H10: 0.52 | I10: =F10*H10 -> 0.4056 | J10: 8 | K10: =SUMIF(NIST_Controls!C:C,A10,NIST_Controls!E:E)<=1 -> TRUE | L10: NVD base score; exposure of sensitive information (CISA ICSA-20-133-01)
A11: A10 | B11: Engineering Workstation (OT) — VMware-based virtualization host for SCADA HMI | C11: CVE-2022-22954 | D11: CWE-20 | E11: 9.8 | F11: =E11/10 -> 0.98 | G11: XMV(4) | H11: 0.44 | I11: =F11*H11 -> 0.4312 | J11: 10 | K11: =SUMIF(NIST_Controls!C:C,A11,NIST_Controls!E:E)<=1 -> TRUE | L11: NVD base score; VMware Workspace ONE RCE (CISA KEV); compromise at this layer enables direct manipulation of control logic

Sheet NIST_Controls
A1: Control_Row_ID | B1: Control_ID | C1: Asset_ID | D1: Control_Name | E1: Delta_ik | F1: Cost_c_ik | G1: Control_Family | H1: Provenance
A2: 1 | B2: AC-3 | C2: A01 | D2: Access Enforcement | E2: 0.28 | F2: 86 | G2: AC | H2: Literature-Derived
A3: 2 | B3: AC-6 | C3: A01 | D3: Least Privilege | E3: 0.22 | F3: 71 | G3: AC | H3: NIST SP 800-53 Guideline
A4: 3 | B4: SC-7 | C4: A01 | D4: Boundary Protection | E4: 0.25 | F4: 118 | G4: SC | H4: Literature-Derived
A5: 4 | B5: SI-4 | C5: A01 | D5: System Monitoring | E5: 0.15 | F5: 64 | G5: SI | H5: Expert Elicitation
A6: 5 | B6: AC-3 | C6: A02 | D6: Access Enforcement | E6: 0.35 | F6: 92 | G6: AC | H6: Literature-Derived
A7: 6 | B7: AC-4 | C7: A02 | D7: Information Flow Enforcement | E7: 0.32 | F7: 78 | G7: AC | H7: NIST SP 800-53 Guideline
A8: 7 | B8: IA-5 | C8: A02 | D8: Authenticator Management | E8: 0.28 | F8: 57 | G8: IA | H8: NIST SP 800-53 Guideline
A9: 8 | B9: AC-3 | C9: A03 | D9: Access Enforcement | E9: 0.25 | F9: 64 | G9: AC | H9: Literature-Derived
A10: 9 | B10: AU-6 | C10: A03 | D10: Audit Record Review and Reporting | E10: 0.25 | F10: 49 | G10: AU | H10: NIST SP 800-53 Guideline
A11: 10 | B11: CM-5 | C11: A03 | D11: Access Restrictions for Change | E11: 0.22 | F11: 38 | G11: CM | H11: Expert Elicitation
A12: 11 | B12: SC-8 | C12: A03 | D12: Transmission Confidentiality and Integrity | E12: 0.18 | F12: 31 | G12: SC | H12: NIST SP 800-53 Guideline
A13: 12 | B13: RA-5 | C13: A04 | D13: Vulnerability Monitoring and Scanning | E13: 0.25 | F13: 83 | G13: RA | H13: Literature-Derived
... A36: 35 | B36: SI-10 | C36: A10 | D36: Information Input Validation | E36: 0.18 | F36: 25 | G36: SI | H36: Expert Elicitation
B37: TOTAL (35 controls) | F37: =SUM(F2:F36) -> 2264

Sheet Game_Parameters
A1: Parameter_Name | B1: Value | C1: Mathematical_Symbol | D1: Formula_or_Source | E1: Description
A2: Total_Defender_Cost_Pool | B2: =SUM(NIST_Controls!F2:F36) -> 2264 | C2: sum c_ik | D2: Sum of NIST controls cost | E2: Grand sum of all 35 candidate defensive control implementation costs (exact 2264 units)
A3: Defender_Budget_B | B3: 120 | C3: B | D3: Manuscript Section 3; 5.3% of total cost pool | E3: Total defender budget (~5.3% of total cost pool, enforcing strategic sparse allocation)
A4: Attacker_Budget_b_att | B4: 50 | C4: b^{att} | D4: Manuscript Section 3; constrains attacker to 2-4 targets given per-asset c_i^{att} in Assets sheet | E4: Total attacker penetration budget (constrains attacker to 2-4 target assets based on c_i^{att})
A5: Big_M_Default | B5: 2 | C5: M | D5: Manuscript Section IV.3; tightened Big-M, legacy bound M=100 documented | E5: Big-M relaxation constant; tightened to M=2.0 (provably strictly bounds max(R_i^0)=0.8918); M=100 retains equivalent MILP optimality
A6: Max_Controls_Per_Asset | B6: 5 | C6: K_{max} | D6: Manuscript Section 3; equals max controls per asset (A05 has 5 candidate controls) | E6: Physical/operational concurrency limit of defensive controls deployable on a single CPS node

Sheet Metadata_References
A1: Ref_ID | B1: Reference_Name | C1: Details
A2: REF-01 | B2: CISA Known Exploited Vulnerabilities (KEV) Catalog | C2: CVE-2021-44228, CVE-2021-22681, CVE-2022-22954 confirmed KEV entries; https://www.cisa.gov/known-exploited-vulnerabilities-catalog
A3: REF-02 | B3: NIST National Vulnerability Database (NVD) v3.1 Metrics | C3: https://nvd.nist.gov/ — base scores and CWE mappings for all 10 CVEs
A4: REF-03 | B4: Tennessee Eastman Process Benchmark Dataset | C4: Harvard Dataverse DOI: 10.7910/DVN/6C3JR1 (Rieth et al., 2017)
A5: REF-04 | B5: pyTEP: A Python environment for the Tennessee Eastman Process | C5: SoftwareX / GitHub — simulator used to derive PDI C_i^{phys} values
A6: REF-05 | B6: NIST SP 800-53 Rev. 5 | C6: DOI: 10.6028/NIST.SP.800-53r5 — source of all 18 control identifiers
A7: REF-06 | B7: CISA ICS-CERT Advisories | C7: ICSA-20-105-03, ICSA-21-166-01 (verified correct for CVE-2021-32934 ThroughTek, published June 15, 2021), ICSA-20-133-01, ICSA-22-125-01
A8: REF-07 | B8: Siemens Security Advisory SSA-568427 | C8: SSA-568427, CVE-2022-38465, SIMATIC S7 key protection, asset A05. Siemens CNA assigns CVSS v3.1 base 9.3 (2022-10-11); NVD base is 7.8. Dataset uses the CNA score. Independent confirmation: CISA ICSA-22-286-04, CVSS 9.3. URL: https://cert-portal.siemens.com/productcert/html/ssa-568427.html
A9: REF-08 | B9: Process Deviation Index (PDI) formulation | C9: C_i^{phys} = max_{t} |XMEAS_i(t) - XMEAS_i^{nominal}| / (XMEAS_i^{limit} - XMEAS_i^{nominal}), computed over a 24-hour pyTEP simulation window
A10: REF-09 | B10: Siemens ProductCERT SSA-434534 | C10: Siemens ProductCERT SSA-434534; CVE-2020-15782 on asset A01. Advisory ID taken from the NVD reference for this CVE. URL: https://cert-portal.siemens.com/productcert/pdf/ssa-434534.pdf
A11: REF-10 | B11: CISA Alert AA21-356A | C11: CISA Alert AA21-356A (Log4Shell ICS targeting, A04)
A12: REF-11 | B12: CERT@VDE Advisory VDE-2022-031 | C12: CERT@VDE Advisory VDE-2022-031 (CVE-2022-31806, A08)
... A16: NOTE-D | B16: Manuscript Clarification D (linear independence assumption) | C16: Control effectiveness values are assumed independent and additive, representing an upper bound on achievable risk reduction; synergistic or redundant interactions are left for future work
